,cluster_id,cluster_name,cluster_isactive,store_id,store_code,store_description,store_lat,store_long
0,1,Durbanville (WC),True,1,12,Checkers Durbanville,-33.8305664,18.6487026
1,101,Muizenberg (WC),True,2,36,Checkers Muizenberg,-34.1062431,18.4686451
2,192,Moreleta (G),True,3,52,Checkers Moreleta Park,-25.80781,28.30031
3,30,Paarl (WC),True,4,60,Checkers Paarl,-33.7306,18.9699
4,16,Kempton Park (G),True,5,68,Checkers Norkem Park,-26.0641,28.22001
5,32,Constantia (WC),True,6,110,Checkers Meadowridge,-34.0397377,18.4562569
6,83,Bluff (KZN),True,7,127,Checkers Bluff,-29.9242916,31.0037384
7,20,Port Elizabeth (EC),False,8,133,Checkers Metlife Plaza,-33.94635,25.5093689
8,2,Cape Town CBD (WC),True,9,137,Checkers Kloof Street,-33.9318771,18.4094639
9,29,Plumstead (WC),True,10,139,Checkers Plumstead,-34.0224342,18.4687366
10,8,Somerset (WC),True,11,156,Checkers Somerset West,-34.0865746,18.8546944
11,22,Pietermaritzburg (KZN),True,12,160,Checkers Scottsville,-29.6155853,30.3941612
12,25,Pretoria (G),False,13,177,Checkers Lynnwood,-25.766,28.28
13,20,Port Elizabeth (EC),False,14,181,Checkers 6th Avenue,-33.98,25.597
14,38,Seapoint (WC),True,15,184,Checkers Sea Point,-33.92074,18.3835239
15,50,Overport (KZN),True,16,187,Checkers Overport,-29.83714,30.99954
16,13,Bryanston (G),True,17,194,Checkers Bryanston,-26.075634,28.0282784
17,11,Emmarentia (G),True,18,208,Checkers Emmarentia,-26.16068,28.01185
18,6,Westville (KZN),True,19,217,Checkers Westville,-29.83626,30.9184933
19,3,Rondebosch (WC),True,20,225,Checkers Rondebosch,-33.9622955,18.4703178
20,23,Brackenfell (WC),True,22,270,Checkers Hyper Brackenfell,-33.8841,18.682
21,28,Krugersdorp (G),False,23,610,Checkers Wilrogate,-26.126,27.847
22,71,Northmead Square (G),True,24,611,Checkers Northmead Square,-26.1628857,28.3227081
23,18,Kenilworth (WC),True,25,639,Checkers Kenilworth,-33.9885674,18.48552
24,17,N1City (WC),True,26,650,Checkers Hyper N1 City,-33.89075,18.5617771
25,9,Stellenbosch (WC),True,27,651,Checkers Stellenbosch,-33.93842,18.8592682
26,189,Tokai (WC),True,28,655,Checkers Hyper Tokai,-34.063,18.454
27,10,Centurion (G),True,31,715,Checkers Hyper FX Centurion,-25.8562,28.18216
28,149,Fourways (G),True,32,731,Checkers Hyper FX Fourways,-26.019,28.007
29,67,Cresta (G),True,33,758,Checkers Cresta,-26.1317272,27.97383
30,75,Roodepoort (G),True,34,762,Checkers Hyper Roodepoort,-26.1482182,27.92206
31,112,KemptonParkHyper (G),True,35,765,Checkers Hyper Kempton Park,-26.1045837,28.2229443
32,77,Edenvale (G),True,36,773,Checkers Hyper Edenvale,-26.161726,28.1709118
33,24,Benoni (G),False,37,802,Checkers Benoni Lake,-26.185,28.315
34,29,Plumstead (WC),True,38,3000,Checkers LiquorShop Plumstead,-34.0224342,18.4687366
35,149,Fourways (G),True,39,3016,Checkers LiquorShop Fourways,-26.0190716,28.0059528
36,20,Port Elizabeth (EC),False,40,3020,Checkers LiquorShop Metlife Plaza,-33.94635,25.5093689
37,70,Moreleta Park (G),True,41,3035,Checkers Parkview,-25.8167877,28.30337
38,193,Silver Lakes (G),True,42,3036,Checkers Silver Lakes,-25.77224,28.3543148
39,20,Port Elizabeth (EC),False,44,3056,Checkers Lorraine,-33.96958,25.49359
40,1,Durbanville (WC),True,45,3072,Checkers LiquorShop Durbanville,-33.8305664,18.6487026
41,64,Parklands Hyper (WC),True,46,3073,Checkers Hyper Parklands (Sandown),-33.7992821,18.5012779
42,90,Brandwag (FS),True,47,3141,Checkers FX Mimosa Mall,-29.1093788,26.2016163
43,90,Brandwag (FS),True,48,3142,Checkers LiquorShop Mimosa Mall,-29.1093788,26.2016163
44,70,Moreleta Park (G),True,50,3201,Checkers LiquorShop Parkview,-25.8167877,28.30337
45,21,Bloemfontein (FS),False,52,3321,Checkers LiquorShop Woodlands,-29.04903,26.18047
46,176,Langebaan (WC),True,53,3418,Checkers Laguna Mall,-33.04806,18.05043
47,68,Olympus Village (G),True,54,3435,Checkers LiquorShop Olympus Village,-25.79924,28.3338032
48,66,Ballito Junction (KZN),True,55,3474,Checkers Ballito Junction,-29.5227642,31.2023163
49,4,Kyalami (G),True,56,3493,Checkers LiquorShop Waterfall Corner,-26.02207,28.0892
50,3,Rondebosch (WC),True,57,3510,Checkers LiquorShop Rondebosch,-33.9622955,18.4703178
51,68,Olympus Village (G),True,58,3611,Checkers Olympus Village,-25.79924,28.3338032
52,58,Atterbury (G),True,59,3612,Checkers Atterbury Value Mart,-25.7897339,28.3082333
53,47,Cradlestone (G),True,60,3614,Checkers Cradlestone,-26.0642014,27.8494244
54,46,Virginia Circle (KZN),True,61,3630,Checkers Virginia Circle,-29.7769089,31.0589485
55,30,Paarl (WC),True,62,3668,Checkers LiquorShop Van Der Lingen,-33.7321167,18.9630737
56,38,Seapoint (WC),True,63,3669,Checkers LiquorShop Sea Point,-33.92102,18.3833141
57,21,Bloemfontein (FS),False,64,3680,Checkers Woodlands,-29.04903,26.18047
58,22,Pietermaritzburg (KZN),True,65,3714,Checkers Hyper Brookside Mall,-29.59154,30.39461
59,105,Zevenwacht (WC),True,67,3725,Checkers Zevenwacht,-33.93475,18.69668
60,50,Overport (KZN),True,68,3784,Checkers LiquorShop Overport,-29.83724,30.9995556
61,43,Leaping Frog (G),True,69,3822,Checkers Pineslopes,-26.0210266,28.014576
62,98,Rivonia (G),True,70,3824,Checkers Rivonia Village,-26.0590229,28.0612411
63,5,Melrose (G),True,71,3871,Checkers Blubird Melrose,-26.13016,28.0653839
64,4,Kyalami (G),True,72,3872,Checkers Waterfall Corner,-26.02207,28.0892
65,20,Port Elizabeth (EC),False,73,3893,Checkers LiquorShop Newton Park,-33.9488,25.5576
66,103,Gateway (KZN),True,74,3896,Checkers LiquorShop Gateway,-29.7259121,31.0654
67,105,Zevenwacht (WC),True,75,3906,Checkers LiquorShop Zevenwacht,-33.93475,18.69668
68,2,Cape Town CBD (WC),True,76,3907,Checkers LiquorShop Kloof Street,-33.9318771,18.4094639
69,8,Somerset (WC),True,77,3914,Checkers Vergelegen Plein,-34.10197,18.87259
70,195,Somerset Hyper (WC),True,78,3916,Checkers Hyper Somerset West (Helderberg Mall),-34.08692,18.82916
71,200,Bryan Park (G),True,79,3924,Checkers Bryan Park,-26.052,28.0043488
72,19,Northgate (G),True,81,3960,Checkers LiquorShop Northgate,-26.057024,27.9472618
73,103,Gateway (KZN),True,82,4020,Checkers Hyper Gateway,-29.7259121,31.0654
74,19,Northgate (G),True,83,4024,Checkers Northgate,-26.057024,27.9472618
75,17,N1City (WC),True,84,4249,Checkers LiquorShop N1 City,-33.89075,18.5617771
76,37,Sunninghill (G),True,85,4254,Checkers Sunninghill,-26.0325737,28.06197
77,43,Leaping Frog (G),True,86,4255,Checkers Leaping Frog,-26.0101433,28.0122166
78,49,Hillcrest (KZN),True,87,4270,Checkers Hillcrest,-29.7810135,30.7626534
79,45,Protea Heights (WC),True,88,4298,Checkers Protea Heights,-33.88901,18.689394
80,155,Big Bay (WC),True,89,4299,Checkers Big Bay,-33.7883873,18.4569778
81,75,Roodepoort (G),True,90,4398,Checkers LiquorShop Roodepoort,-26.1482182,27.92206
82,20,Port Elizabeth (EC),False,91,4473,Checkers Newton Park,-33.9488,25.5576
83,30,Paarl (WC),True,92,4475,Checkers Paarl North,-33.7089,18.9631
84,23,Brackenfell (WC),True,93,4490,Checkers LiquorShop Brackenfell,-33.8841,18.682
85,155,Big Bay (WC),True,94,4497,Checkers LiquorShop Big Bay,-33.7883873,18.4569778
86,15,Greenstone (G),True,95,4501,Checkers Green Valley,-26.1181278,28.1561584
87,161,Emfuleni (G),True,96,4502,Checkers FX Emfuleni,-26.7348,27.8385
88,190,Cobblewalk (WC),True,97,4510,Checkers Cobble Walk,-33.84367,18.67689
89,21,Bloemfontein (FS),False,98,4610,Checkers FX Preller Square,-29.08825,26.21207
90,188,Highveld Park (G),True,99,4656,Checkers Eco Boulevard,-25.87778,28.17647
91,12,Pretoria East (G),False,100,4830,Checkers Village Moreleta,-25.8272,28.2953
92,62,Northriding (G),True,101,4831,Checkers Northriding,-26.05571,27.96536
93,10,Centurion (G),True,102,4832,Checkers Raslouw,-25.87,28.138
94,31,Willowbridge (WC),True,103,4838,Checkers Willowbridge,-33.86787,18.6310253
95,9,Stellenbosch (WC),True,105,4994,Checkers LiquorShop Stellenbosch,-33.93842,18.8592682
96,45,Protea Heights (WC),True,106,5047,Checkers LiquorShop Protea Hoogte,-33.88901,18.689394
97,87,Charlo (EC),True,108,5090,Checkers Moffett-on-main,-33.9833374,25.5539455
98,10,Centurion (G),True,109,5361,Checkers LiquorShop Raslouw,-25.87,28.138
99,61,Grey Owl (G),True,110,5457,Checkers Grey Owl Midstream,-25.90735,28.1632156
100,28,Krugersdorp (G),False,111,5459,Checkers Horizon,-26.14394,27.86727
101,192,Moreleta (G),True,112,5468,Checkers LiquorShop Moreleta Park,-25.8078,28.3003
102,30,Paarl (WC),True,113,5495,Checkers Van Der Lingen,-33.7321167,18.9630737
103,10,Centurion (G),True,114,5501,Checkers Centurion Lifestyle,-25.87713,28.16573
104,63,Bram Fischer (G),True,115,5507,Checkers Bram Fischer,-26.1111031,27.9999771
105,104,De Grendel (WC),True,117,5516,Checkers De Grendel,-33.8409233,18.5443268
106,11,Emmarentia (G),True,118,5626,Checkers LiquorShop Emmarentia,-26.16068,28.01185
107,28,Krugersdorp (G),False,119,5714,Checkers LiquorShop Horizon,-26.14394,27.86727
108,104,De Grendel (WC),True,120,5750,Checkers LiquorShop De Grendel,-33.8409233,18.5443268
109,27,Johannesburg West (G),False,122,5813,Checkers Allen's Nek,-26.13465,27.91174
110,4,Kyalami (G),True,124,5815,Checkers Kyalami,-25.9843884,28.0749454
111,110,East Rand (G),True,125,5846,Checkers East Rand Retail,-26.1797485,28.2498684
112,73,Wingtip (G),True,126,5847,Checkers Wingtip,-25.6595688,28.2428284
113,87,Charlo (EC),True,127,5887,Checkers LiquorShop Moffett-on-Main,-33.9833374,25.5539455
114,20,Port Elizabeth (EC),False,128,5888,Checkers LiquorShop 6th Avenue,-33.98,25.597
115,179,Wellington (WC),True,129,5893,Checkers LiquorShop Welgelee Plein,-33.65056,19.00227
116,179,Wellington (WC),True,130,5900,Checkers Welgelee Plein,-33.65056,19.00227
117,10,Centurion (G),True,132,5952,Checkers LiquorShop Centurion Lifestyle,-25.8781,29.09783
118,63,Bram Fischer (G),True,133,5972,Checkers LiquorShop Bram Fischer,-26.1111031,27.9999771
119,76,Alberton (G),True,134,5978,Checkers Hyper New Market,-26.2779369,28.1256981
120,95,Salt Rock (KZN),True,135,6033,Checkers LiquorShop Mount Richmore,-29.4921761,31.23591
121,21,Bloemfontein (FS),False,136,6056,Checkers LiquorShop Preller Square,-29.08825,26.21207
122,189,Tokai (WC),True,139,6347,Checkers LiquorShop Tokai,-34.063,18.454
123,13,Bryanston (G),True,140,6490,Checkers LiquorShop Bryanston,-26.075634,28.0282784
124,59,Mall of the South (G),True,141,6677,Checkers LiquorShop Mall Of The South,-26.31478,28.05804
125,36,Okavango (WC),True,142,6686,Checkers Okavango Crossing,-33.83953,18.6956615
126,98,Rivonia (G),True,143,6991,Checkers LiquorShop Rivonia Village,-26.0590229,28.0612411
127,15,Greenstone (G),True,144,8029,Checkers LiquorShop Green Valley,-26.1183777,28.1558666
128,46,Virginia Circle (KZN),True,145,8066,Checkers LiquorShop Virginia Circle,-29.7769089,31.0589485
129,195,Somerset Hyper (WC),True,146,8132,Checkers LiquorShop Somerset West (Helderberg Mall),-34.08692,18.82916
130,20,Port Elizabeth (EC),False,148,8231,Checkers LiquorShop Lorraine,-33.96958,25.49359
131,6,Westville (KZN),True,149,8236,Checkers LiquorShop Westville,-29.83626,30.9184933
132,8,Somerset (WC),True,150,8278,Checkers LiquorShop Vergelegen Plein,-34.10197,18.87259
133,69,Gordonsbay (WC),True,151,8280,Checkers Gordon's Bay Mall,-34.1507339,18.8823967
134,36,Okavango (WC),True,152,8288,Checkers LiquorShop Okavango Crossing,-33.83953,18.6956615
135,89,Plettenberg Bay (EC),True,153,8291,Checkers FX Plettenberg Bay Mall,-34.04172,23.37105
136,22,Pietermaritzburg (KZN),True,154,8320,Checkers LiquorShop Midlands Mall,-29.58,30.39083
137,66,Ballito Junction (KZN),True,155,8459,Checkers LiquorShop Balito Junction,-29.5227642,31.2023163
138,174,Rylands Village (WC),True,156,8525,Checkers CC Rylands Village,-33.97492,18.531004
139,97,Fairland (G),True,157,8526,Checkers FX Fairlands,-26.11866,27.95529
140,59,Mall of the South (G),True,158,8726,Checkers Mall Of The South,-26.31478,28.05804
141,28,Krugersdorp (G),False,159,8770,Checkers LiquorShop Wilrogate,-26.126,27.847
142,16,Kempton Park (G),True,160,8934,Checkers LiquorShop Norkem Park,-26.0641,28.22001
143,71,Northmead Square (G),True,161,8935,Checkers LiquorShop Northmead Square,-26.1628857,28.3227081
144,54,New Menlyn (G),True,162,9111,Checkers Hyper New Menlyn,-25.7836628,28.2729187
145,22,Pietermaritzburg (KZN),True,163,9212,Checkers LiquorShop Scottsville,-29.616,30.395
146,4,Kyalami (G),True,164,9238,Checkers LiquorShop Kyalami,-25.9843884,28.0749454
147,190,Cobblewalk (WC),True,165,9243,Checkers LiquorShop Cobble Walk,-33.84367,18.67689
148,5,Melrose (G),True,166,9255,Checkers LiquorShop Blubird,-26.13016,28.0653839
149,37,Sunninghill (G),True,167,9440,Checkers LiquorShop Sunninghill,-26.0325737,28.06197
150,95,Salt Rock (KZN),True,168,9631,Checkers Mount Richmore Village,-29.4921761,31.23591
151,22,Pietermaritzburg (KZN),True,169,9632,Checkers Midlands Mall,-29.58,30.39083
152,32,Constantia (WC),True,343,8353,Checkers FX Constantia,-34.02933,18.44581
153,33,RTT HVDC JHB 2005,False,344,2005,To define,0.0,0.0
154,35,RTT IHS JHB 2011,False,345,2011,To define,0.0,0.0
155,34,RTT HVDC CPT 8005,False,346,8005,To define,0.0,0.0
156,39,CFS WC (WC),False,347,4581,Checkers Franschhoek,-33.8443069,18.9205456
157,39,CFS WC (WC),False,348,4583,Checkers Stellenbosch,-33.9672279,18.7564
158,39,CFS WC (WC),False,349,4582,Checkers Paarl,-33.6450233,18.9367886
159,40,CFS GP (G),False,350,23014,Checkers Centurion,-25.9020271,28.26963
160,40,CFS GP (G),False,351,23016,Checkers Pretoria,-25.685709,28.1481247
161,40,CFS GP (G),False,352,23015,Checkers Pretoria East,-25.7083321,28.3314648
162,41,Century City (WC),True,353,520,Checkers Century City,-33.89436,18.50943
163,42,Hout Bay (WC),True,354,87,Checkers Hout Bay,-34.045,18.359
164,44,Mall of Africa (G),True,355,8727,Checkers Mall of Africa,-26.0160332,28.1065063
165,48,Westgate (G),True,356,764,Checkers West Gate,-26.1398354,27.8616962
166,51,Cornubia (KZN),True,357,3470,Checkers Cornubia,-29.7092648,31.055254
167,52,Shallcross (KZN),True,358,4823,Checkers Shallcross,-29.903,30.88904
168,55,Forest Hill (G),True,359,3873,Checkers Forest Hill,-25.8905811,28.0988884
169,56,Boksburg (G),True,360,745,Checkers Boksburg,-26.2268658,28.24564
170,57,Sandton (G),True,361,732,Checkers FX Sandton,-26.1093235,28.0530052
171,60,Bonaero Park (G),True,362,5503,Checkers Bonaero Park,-26.1197224,28.2575989
172,65,Sun Valley Hyper (WC),True,363,6792,Checkers Sun Valley Hyper,-34.1210251,18.3891888
173,64,Parklands Hyper (WC),True,372,3149,"Checkers LiquorShop Parklands (Sandown)
",-33.7992821,18.5012779
174,65,Sun Valley Hyper (WC),True,374,8287,"Checkers LiquorShop Sun Valley
",-34.1210251,18.3891888
175,8,Somerset (WC),True,377,5372,"Checkers LiquorShop Somerset West
",-34.08626,18.8547115
176,47,Cradlestone (G),True,378,6985,Checkers LiquorShop Cradlestone,-26.0642014,27.8494244
177,69,Gordonsbay (WC),True,379,9234,Checkers LiquorShop Gordon's Bay,-34.1507339,18.8823967
178,72,Monument Park (G),True,380,171,Checkers Monument Park,-26.10063,27.79712
179,73,Wingtip (G),True,381,6951,Checkers LiquorShop Wingtip,-25.6595688,28.2428284
180,44,Mall of Africa (G),True,382,3436,Checkers LiquorShop Mall Of Africa,-26.0160332,28.1065063
181,57,Sandton (G),True,383,8741,Checkers LiquorShop Sandton,-26.1093235,28.0530052
182,56,Boksburg (G),True,384,6774,Checkers LiquorShop Boksburg,-26.2268658,28.24564
183,54,New Menlyn (G),True,385,6678,Checkers LiquorShop Menlyn,-25.7836628,28.2729187
184,55,Forest Hill (G),True,386,8247,Checkers LiquorShop Forest Hill,-25.8905811,28.0988884
185,74,Eastgate (G),True,387,730,Checkers Hyper Eastgate,-26.1803875,28.1172085
186,10,Centurion (G),True,388,6061,Checkers LiquorShop Centurion,-25.8562,28.18216
187,76,Alberton (G),True,389,6923,Checkers LiquorShop New Market,-26.2779369,28.1256981
188,77,Edenvale (G),True,390,5461, Checkers LiquorShop Edenvale,-26.161726,28.1709118
189,49,Hillcrest (KZN),True,391,5048, Checkers LiquorShop Hillcrest,-29.7810135,30.7626534
190,51,Cornubia (KZN),True,392,9250, Checkers LiquorShop Cornubia,-29.7092648,31.055254
191,52,Shallcross (KZN),True,393,6053,Checkers LiquorShop Shallcross,-29.903,30.88904
192,78,Pinetown (KZN),True,394,202,Checkers St Johns Centre,-29.8188057,30.8737087
193,78,Pinetown (KZN),True,395,5912, Checkers LiquorShop St John Centre,-29.8188057,30.8737087
194,79,Waterfall (KZN),True,396,8259,Checkers Watercrest,-29.74896,30.81392
195,80,Cascades (KZN),True,397,266,Checkers Cascades,-29.5758,30.34437
196,81,Woodburn (KZN),True,398,3472, Checkers Woodburn,-29.6130943,30.3906116
197,82,Amanzimtoti (KZN),True,399,97,Checkers Amanzimtoti,-30.0655613,30.869751
198,83,Bluff (KZN),True,400,3656, Checkers LiquorShop Bluff,-29.9242916,31.0037384
199,60,Bonaero Park (G),True,401,5901,Checkers LiquorShop Bonaero Park,-26.1197224,28.2575989
200,81,Woodburn (KZN),True,402,8425,Checkers Woodburn Liqour,-29.6130943,30.3906116
201,39,CFS WC (WC),False,404,4584,CFS-WC-ATB (Atlantic Beach),-33.72248,18.4562283
202,40,CFS GP (G),False,405,23023,CFS-JHB-PTW (Pretoria West),-25.7651978,28.17501
203,88,Greenacres (EC),True,406,626,Checkers Greenacres,-33.9500923,25.5800762
204,88,Greenacres (EC),True,407,3499,Checkers LiquorShop Green Acres,-33.9500923,25.5800762
205,91,Fleurdal (FS),True,408,772,Checkers Hyper Bloemfontein,-29.1579018,26.1909733
206,91,Fleurdal (FS),True,409,5239,Checkers LiquorShop Bloemfontein,-29.1579018,26.1909733
207,92,Brakpan (G),True,410,3032,Checkers Hyper Mall Of Carnival,-26.2528324,28.3198051
208,92,Brakpan (G),True,411,3113,Checkers LiquorShop Mall Of Carnival,-26.2528324,28.3198051
209,93,Mayville (G),True,412,774,Checkers Hyper Mayville,-25.6995239,28.183548
210,93,Mayville (G),True,413,3865,Checkers LiquorShop Mayville,-25.6995239,28.183548
211,94,Queensburgh (KZN),True,414,680,Checkers Queensburgh,-29.88019,30.918911
212,94,Queensburgh (KZN),True,415,8601,Checkers LiquorShop Queensburgh,-29.88019,30.918911
213,96,Reservoir Hills (KZN),True,416,5223,Checkers Reservoir Hills,-29.8016987,30.9628029
214,96,Reservoir Hills (KZN),True,417,5224,Checkers LiquorShop Reservoir Hills,-29.8016987,30.9628029
215,106,Davenport (KZN),True,418,117,Checkers Davenport Rd,-29.8611164,31.00013
216,107,Cape Gate (WC),True,419,4297,Checkers Cape Gate,-33.85152,18.6976032
217,107,Cape Gate (WC),True,420,4496,Checkers LiquorShop Cape Gate,-33.85152,18.6976032
218,102,Hermanus (WC),True,421,5868,Checkers Hermanus,-34.41676,19.2424755
219,97,Fairland (G),True,422,8344,Checkers LiquorShop Fairlands Walk,-26.11866,27.95529
220,108,Brooklyn (G),True,423,185,Checkers Brooklyn,-25.7711639,28.234499
221,99,Oakdene (G),True,424,8417,Checkers LiquorShop The Glen,-26.26746,28.04949
222,99,Oakdene (G),True,425,8527,Checkers FX The Glen,-26.26746,28.04949
223,110,East Rand (G),True,426,3509,Checkers LiquorShop East Rand Retail Park,-26.1797485,28.2498684
224,100,Queenswood (G),True,427,49,Checkers Queenswood,-25.7316952,28.2473564
225,100,Queenswood (G),True,428,8343,Checkers LiquorShop Queenswood,-25.7316952,28.2473564
226,109,Linksfield (G),True,429,8371,Checkers FX Neighbourhood,-26.1490688,28.1226883
227,62,Northriding (G),True,430,9355,Checkers Liquor NorthRiding,-26.05571,27.96536
228,141,Riverside (MP),True,431,4503,Checkers Riverside Mall,-25.43779,30.969099
229,89,Plettenberg Bay (EC),True,432,9247,Checkers LiquorShop Plettenberg Bay Mall,-34.0415955,23.3718472
230,102,Hermanus (WC),True,433,5910,Checkers LiquorShop Hermanus,-34.4161072,19.24246
231,142,George (WC),True,434,6664,Checkers LiquorShop Eden Meander,-33.98462,22.50043
232,142,George (WC),True,435,9186,Checkers Hyper Eden Meander,-33.98462,22.50043
233,31,Willowbridge (WC),True,436,CL122,Clicks Tygervalley,-33.8731575,18.63567
234,1,Durbanville (WC),True,437,CL133,Clicks Durbanville,-33.8317947,18.6469479
235,1,Durbanville (WC),True,438,CL1546,Clicks Graanendal,-33.81544,18.6744461
236,31,Willowbridge (WC),True,439,CL1649,Clicks Welgemoed,-33.8740273,18.61834
237,17,N1City (WC),True,440,CL157,Clicks Edgemead,-33.8705864,18.5466118
238,41,Century City (WC),True,441,CL1547,Clicks Sable Square,-33.8814545,18.5091515
239,41,Century City (WC),True,442,CL1678,Clicks Paddocks,-33.8622437,18.5014839
240,41,Century City (WC),True,443,CL1875,Clicks Centre Point,-33.8832,18.4944
241,17,N1City (WC),True,444,CL1979,Clicks Goodwood Mall,-33.9104,18.5526
242,41,Century City (WC),True,445,CL1992,Clicks The Colosseum,-33.8947,18.5067
243,30,Paarl (WC),True,446,CL105,Clicks Paarl,-33.7312965,18.9667473
244,30,Paarl (WC),True,447,CL165,Clicks Paarl Mall,-33.7658844,18.9664574
245,30,Paarl (WC),True,448,CL1812,Clicks Laborie,-33.7648,18.9612
246,30,Paarl (WC),True,449,CL1975,Clicks Rembrandt Mall,-33.7302246,18.9726467
247,8,Somerset (WC),True,450,CL1742,Clicks Vergelegen Plein,-34.1022,18.8724
248,1,Durbanville (WC),True,451,CL1707,Clicks Pinehurst,-33.8331146,18.6849689
249,143,Bay West (EC),True,452,8046,Checkers Hyper Bay West,-33.95196,25.45992
250,144,Mossel Bay (WC),True,453,633,Checkers Heiderand,-34.185,22.115
251,145,Vincent (EC),True,454,3014,Checkers Vincent,-32.98146,27.90053
252,146,Kimberley (NC),True,458,4617,Checkers Diamond Pavillion,-28.76566,24.76474
253,147,Upington (NC),True,459,3681,Checkers Kalahari Mall,-28.44411,21.2574081
254,148,Welkom (FS),True,460,102,Checkers Welkom,-27.979,26.735
255,150,Secunda (MP),True,462,3823,Checkers Hyper Secunda Mall,-26.5100975,29.1839085
256,151,Arcon Park (G),True,463,192,Checkers Hyper Arcon Park,-26.6406,27.9402
257,152,Newcastle (KZN),True,464,4267,Checkers Newcastle,-27.7589,29.9321
258,153,Galleria (KZN),True,465,5467,Checkers Hyper Galleria,-30.03363,30.90004
259,154,Richards Bay (KZN),True,466,5080,Checkers Boardwalk Richards Bay,-28.75467,32.04717
260,165,Margate (KZN),True,479,671,Checkers Margate,-30.864,30.361
261,156,Worcester (WC),True,481,4507,Checkers Mountain Mill ,-33.63179,19.43455
262,157,Table View (WC),True,482,259,Checkers Table View,-33.823,18.489
263,158,Vredenburg (WC),True,483,5235,Checkers West Coast Mall,-32.92103,17.98716
264,159,Sunward Park (G),True,484,3613,Checkers Sunward Park,-26.25723,28.26875
265,160,Middelburg (MP),True,485,3034,Checkers Middelburg Mall,-25.80577,29.45892
266,162,Potchefstroom (NW),True,486,5051,Checkers Potchefstroom,-26.7128944,27.1068726
267,163,Rand Park Ridge (G),True,487,5977,Checkers Rock  Cottage,-26.10462,27.92707
268,164,Hartbeespoort (NW),True,488,5220,Checkers Hartbeespoort,-25.7304,27.88614
269,154,Richards Bay (KZN),True,490,3103,Checkers LiquorShop Boardwalk Richards Bay,-28.753,32.048
270,143,Bay West (EC),True,491,9468,Checkers LiquorShop Bay West,-33.95196,25.45992
271,144,Mossel Bay (WC),True,492,3498,Checkers LiquorShop Heiderand,-34.185,22.115
272,145,Vincent (EC),True,493,3121,Checkers LiquorShop Vincent,-32.98146,27.90053
273,146,Kimberley (NC),True,494,3179,Checkers LiquorShop Diamond Pavillion,-28.7579,24.768
274,147,Upington (NC),True,495,5266,Checkers LiquorShop Kalahari Mall,-28.44411,21.2574081
275,148,Welkom (FS),True,496,3505,Checkers LiquorShop Welkom,-27.979,26.735
276,150,Secunda (MP),True,497,3901,Checkers LiquorShop Secunda Mall,-26.5124378,29.1822948
277,151,Arcon Park (G),True,498,3260,Checkers LiquorShop Arcon Park,-26.6406,27.9402
278,153,Galleria (KZN),True,499,5465,Checkers LiquorShop Galleria,-30.03363,30.90004
279,156,Worcester (WC),True,500,4498,Checkers LiquorShop Mountain Mill,-33.63179,19.43455
280,157,Table View (WC),True,501,5374,Checkers LiquorShop Table View,-33.823,18.489
281,158,Vredenburg (WC),True,502,5380,Checkers LiquorShop West Coast Mall,-32.92103,17.98716
282,160,Middelburg (MP),True,503,3290,Checkers LiquorShop Middelburg Mall,-25.80577,29.45892
283,161,Emfuleni (G),True,504,9290,Checkers LiquorShop Emfuleni,-26.7348,27.8385
284,162,Potchefstroom (NW),True,505,5185,Checkers LiquorShop Potchefstroom,-26.7128944,27.1068726
285,164,Hartbeespoort (NW),True,506,9465,Checkers LiquorShop Hartbeespoort,-25.7304,27.88614
286,109,Linksfield (G),True,507,9471,Checkers CX Neighbourhood Liquor,-26.1490688,28.1226883
287,152,Newcastle (KZN),True,508,8205,Checkers LiquorShop Newcastle,-27.7589,29.9321
288,178,Knysna (WC),True,511,4897,Checkers Knysna,-34.03694,23.0470066
289,178,Knysna (WC),True,512,5138,Checkers LiquorShop Knysna,-34.03694,23.0470066
290,185,Oudtshoorn (WC),True,513,205,Checkers Oudtshoorn,-33.59197,22.20405
291,185,Oudtshoorn (WC),True,514,6325,Checkers LiquorShop Oudtshoorn,-33.5916977,22.2039642
292,180,Kroonstad (FS),True,515,90,Checkers Kroonstad,-27.6482449,27.2297115
293,180,Kroonstad (FS),True,516,8308,Checkers LiquorShop Kroonstad,-27.648819,27.23114
294,170,Klerksdorp (NW),True,517,230,Checkers Hyper Klerksdorp,-26.87571,26.6660213
295,170,Klerksdorp (NW),True,518,5215,Checkers LiquorShop Klerksdorp,-26.87571,26.6660213
296,182,Montana Park (G),True,519,30,Checkers Hyper Montana,-25.6810265,28.2507687
297,173,Klipfontein (MP),True,520,172,Checkers Hyper Klipfontein,-25.8969212,29.2345638
298,173,Klipfontein (MP),True,521,5493,Checkers LiquorShop Klipfontein ,-25.89864,29.2343349
299,184,Rustenburg (NW),True,522,5053,Checkers Hyper Rustenburg,-25.7019539,27.25378
300,184,Rustenburg (NW),True,523,3816,Checkers LiquorShop Rustenburg,-25.7037926,27.2497349
301,175,Stanger (KZN),True,524,5896,Checkers Kwadukuza,-29.3420677,31.2857876
302,175,Stanger (KZN),True,525,6052,Checkers LiquorShop Kwadukuza,-29.3389988,31.2893867
303,183,Shelley Beach (KZN),True,526,4269,Checkers Shelley Beach,-30.7961483,30.4058189
304,183,Shelley Beach (KZN),True,527,3428,Checkers LiquorShop Shelley Beach,-30.8069744,30.4095936
305,171,Parow (WC),True,528,644,Checkers Hyper Parow,-33.9060745,18.59907
306,171,Parow (WC),True,529,4250,Checkers LiquorShop Parow,-33.90454,18.5987072
307,172,Brackenhurst (G),True,530,5811,Checkers Bracken Gardens,-26.3266678,28.098381
308,177,Suideroord (G),True,531,4829,Checkers Columbine Square,-26.2723579,28.0286179
309,181,Fauna Park (L),True,532,6459,Checkers Savannah Mall,-23.903511,29.4883518
310,181,Fauna Park (L),True,533,9237,Checkers LiquorShop Savannah Mall,-23.909132,29.45544
311,57,Sandton (G),True,534,287,AVO - Nandos Sandton City,-26.10944,28.05306
312,57,Sandton (G),True,535,284,AVO - RocoMamas Nelson Mandela Square,-26.1075268,28.0554314
313,57,Sandton (G),True,536,366,AVO - The Hide,-26.1231365,28.0469742
314,57,Sandton (G),True,537,208,AVO - Sticky Waffle Sandton City,-26.10859,28.0520782
315,57,Sandton (G),True,538,286,AVO - San Antonio Spur,-26.10929,28.0540123
316,4,Kyalami (G),True,539,117,AVO - Piza E Vino Kyalami,-25.98354,28.0752468
317,4,Kyalami (G),True,540,428,AVO - Norman Goodfellows Kyalami,-25.9847717,28.0750942
318,44,Mall of Africa (G),True,541,2,AVO - Mantra Waterfall,-26.020525,28.0901546
319,57,Sandton (G),True,542,213,AVO - Hard Rock Cafe Nelson Mandela Square,-26.1079788,28.054903
320,57,Sandton (G),True,543,140,AVO - Doppio Zero,-26.1093235,28.0530052
321,44,Mall of Africa (G),True,544,311,AVO - Col cacchio Waterfall Corner,-26.0219631,28.0896912
322,44,Mall of Africa (G),True,545,501,AVO - Burger King Mall of Africa,-26.0153828,28.1064835
323,4,Kyalami (G),True,546,502,AVO - Burger King Kyalami,-25.9851971,28.07649
324,57,Sandton (G),True,547,499,AVO - Burger King Rivonia,-26.11536,28.04921
325,44,Mall of Africa (G),True,548,331,AVO - Aurelies,-26.0219479,28.0905552
326,5,Melrose (G),True,549,265,AVO - Debonairs Sandton City,-26.1087418,28.0526352
327,57,Sandton (G),True,550,264,AVO - Anat Falafel & Scharwma,-26.1175137,28.03861
328,57,Sandton (G),True,551,263,AVO - Adegas Express Sandton City,-26.108757,28.0523586
329,98,Rivonia (G),True,552,KSA372,KFC - WOODMEAD,-26.0534,28.0908
330,4,Kyalami (G),True,555,275,AVO - The Rock Kyalami,-25.9817047,28.0762634
331,37,Sunninghill (G),True,556,KSA704,KFC - SUNNINGHILL,-26.026,28.0669
332,1,Durbanville (WC),True,558,KSA288,KFC - DURBANVILLE,-33.8303,18.6495
333,13,Bryanston (G),True,559,KSA743,KFC - BRYANSTON,-26.0776,28.0105
334,68,Olympus Village (G),True,560,KSA512,KFC - HAZELDEAN,-25.7857,28.3532
335,58,Atterbury (G),True,561,KSA887,KFC - ATTERBURY ROAD,-25.7832,28.3002
336,73,Wingtip (G),True,562,KSA1183,KFC - DOORNPOORT,-25.6487961,28.2378883
337,74,Eastgate (G),True,563,KSA047,KFC - KENSINGTON],-26.1896248,28.1087666
338,74,Eastgate (G),True,564,KSA408,KFC - BEDFORD CENTRE,-26.1891,28.124
339,73,Wingtip (G),True,565,KSA108,KFC - MONTANA PARK,-25.6802,28.2483
340,74,Eastgate (G),True,566,KSA050,KFC - MALVERN,-26.2017,28.1138
341,5,Melrose (G),True,567,KSA447,KFC - ALEXANDRA,-26.1079,28.0861
342,36,Okavango (WC),True,568,KSA1065,KFC - PINEHURST SHOPPING CENTRE,-33.8334,18.6845
343,9,Stellenbosch (WC),True,569,KSA1122,KFC - SIMONSRUST,-33.9263,18.8776
344,145,Vincent (EC),True,570,KSA1324,KFC - Cambridge,-32.9751549,27.8929138
345,145,Vincent (EC),True,571,KSA735,KFC - HEMINGWAYS MALL,-32.9709,27.8993
346,67,Cresta (G),True,572,KSA1299,KFC - Cresta Mall,-26.1308765,27.9767971
347,104,De Grendel (WC),True,573,KSA1064,KFC - KILLARNEY SHELL,-33.8543,18.5164
348,43,Leaping Frog (G),True,574,KSA405,KFC - BROADACRES,-26.0015,27.9848
349,9,Stellenbosch (WC),True,575,KSA259,KFC - STELLENBOSCH,-33.9353,18.8591
350,163,Rand Park Ridge (G),True,576,KSA065,KFC - WELTEVREDEN PARK,-26.1253,27.9312
351,163,Rand Park Ridge (G),True,577,KSA496,KFC - RANDPARK RIDGE,-26.0925,27.9381
352,43,Leaping Frog (G),True,578,KSA1231,KFC - Rock Cottage,-26.1043282,27.9257851
353,101,Muizenberg (WC),True,579,KSA722,KFC - CAPRICORN PARK,-34.0881,18.4801
354,9,Stellenbosch (WC),True,580,KSA1068,KFC - STELLENBOSCH 2,-33.9406662,18.8485126
355,189,Tokai (WC),True,581,KSA534,KFC - BLUE ROUTE MALL,-34.0646,18.4552
356,47,Cradlestone (G),True,582,KSA1272,KFC - Sasol Cradlestone,-26.0629826,27.8394432
357,30,Paarl (WC),True,583,KSA1178,KFC - PAARL EAST,-33.7321625,18.9782181
358,72,Monument Park (G),True,584,KSA492,KFC - NOORDHEUWEL,-26.0894,27.8186
359,72,Monument Park (G),True,585,KSA353,KFC - KEY WEST,-26.0889,27.7824
360,6,Westville (KZN),True,586,KSA183,KFC - WESTVILLE,-29.8354,30.9159
361,66,Ballito Junction (KZN),True,587,KSA1203,KFC - BALLITO JUNCTION,-29.523634,31.2024326
362,66,Ballito Junction (KZN),True,588,KSA327,KFC - BALLITO,-29.5285,31.2052
363,30,Paarl (WC),True,589,KSA252,KFC - PAARL,-33.7298,18.9636
364,142,George (WC),True,590,KSA445,KFC - GARDEN ROUTE MALL,-33.9860344,22.5040569
365,74,Eastgate (G),True,591,KSA067,KFC - EASTGATE,-26.181,28.1172
366,46,Virginia Circle (KZN),True,592,KSA125,KFC - DURBAN NORTH 2,-29.7751,31.0349
367,59,Mall of the South (G),True,593,KSA981,KFC - MULBARTON,-26.2963,28.0463
368,46,Virginia Circle (KZN),True,594,KSA716,KFC - BROADWAY,-29.785,31.0387
369,145,Vincent (EC),True,595,KSA017,KFC - VINCENT PARK (EAST LONDON),-32.9842,27.9023
370,87,Charlo (EC),True,596,KSA1271,KFC - Circular Drive,-33.9707336,25.5278358
371,87,Charlo (EC),True,597,KSA503,KFC - WALMER,-33.9847,25.5536
372,145,Vincent (EC),True,598,KSA411,KFC - AMALINDA,-32.9922,27.8659
373,110,East Rand (G),True,600,test1111,test,-26.1986866,28.26423
374,42,Hout Bay (WC),True,601,3511,Checkers LiquorShop Hout Bay,-34.045,18.359
375,2,Cape Town CBD (WC),True,602,ZO609,GETWINE Zonnebloem,-33.9274025,18.4241428
376,18,Kenilworth (WC),True,603,CL608,GETWINE Claremont,-33.9773331,18.4833355
377,72,Monument Park (G),True,604,KSA100,KFC - Krugersdorp,-26.1042671,27.7721176
378,5,Melrose (G),True,605,zzzKSA595,KFC - ALEXANDRA PAN AFRICAN CENTRE,0.0,0.0
379,149,Fourways (G),True,606,EVOLUTION VAPE_FOURWAYS,EVOLUTION VAPE_FOURWAYS LEVEL3,-26.0178528,28.0081558
380,74,Eastgate (G),True,607,EVOLUTION VAPE_EASTGATE,EVOLUTION VAPE_EASTGATE - ENT 4,-26.1799068,28.1174335
381,75,Roodepoort (G),True,608,EVOLUTION VAPE_CLEARWATER (K),EVOLUTION VAPE_CLEARWATER - ENT 1 UPPER,-26.1256714,27.9039955
382,54,New Menlyn (G),True,609,EVOLUTION VAPE_MENLYN,EVOLUTION VAPE_MENLYN - ENT 12,-25.7813854,28.2731571
383,186,Mall At Reds (G),True,610,EVOLUTION VAPE_MALL @ REDS,EVOLUTION VAPE_MALL @ REDS - ENT 3,-25.871151,28.1372089
384,92,Brakpan (G),True,611,EVOLUTION VAPE_MALL @ CARNIVAL,EVOLUTION VAPE_MALL @ CARNIVAL - ENT 5,-26.251133,28.3158684
385,67,Cresta (G),True,612,EVOLUTION VAPE_CRESTA,EVOLUTION VAPE_CRESTA - ENT 5,-26.1298752,27.9756451
386,191,Rosebank (G),True,613,EVOLUTION VAPE_ROSEBANK,EVOLUTION VAPE_ROSEBANK - ENT 1,-26.1468925,28.0414677
387,57,Sandton (G),True,614,EVOLUTION VAPE_SANDTON,EVOLUTION VAPE_SANDTON - ENT 7 LOWER,-26.1086922,28.0551987
388,59,Mall of the South (G),True,615,EVOLUTION VAPE_MALL OF THE SOUTH,EVOLUTION VAPE_MALL OF THE SOUTH - ENT 4,-26.31332,28.0604553
389,72,Monument Park (G),True,616,EVOLUTION VAPE_KEY WEST,EVOLUTION VAPE_KEY WEST - ENT 2,-26.0864067,27.7806072
390,108,Brooklyn (G),True,617,EVOLUTION VAPE_BROOKLYN,EVOLUTION VAPE_BROOKLYN - ENT 1,-25.7714615,28.2354889
391,110,East Rand (G),True,618,EVOLUTION VAPE_EAST POINT,EVOLUTION VAPE_EAST POINT - ENT 1,-26.1787357,28.2369041
392,99,Oakdene (G),True,619,EVOLUTION VAPE_GLEN,EVOLUTION VAPE_GLEN - ENT 9,-26.2688236,28.0506878
393,5,Melrose (G),True,620,5,AVO - Bellagio Illovo,-26.13129,28.0495243
394,191,Rosebank (G),True,621,11,AVO - The Joint Dimsum Bar Illovo,-26.1346626,28.0483475
395,5,Melrose (G),True,622,39,AVO - Jimmy Killer Fish and Chips Norwood,-26.1593418,28.0764179
396,5,Melrose (G),True,623,43,AVO - Jimmy Killer Prawn Norwood,-26.1571,28.07548
397,5,Melrose (G),True,624,119,AVO - Piza E Vino Melrose Arch,-26.1318874,28.06838
398,191,Rosebank (G),True,625,121,AVO - Piza E Vino Rosebank,-26.1447945,28.0428047
399,191,Rosebank (G),True,626,139,AVO - Doppio Zero Rosebank,-26.14422,28.0421
400,5,Melrose (G),True,627,500,AVO - Burger King Norwood,-26.1477032,28.07931
401,5,Melrose (G),True,628,181,AVO - Captain Dorego`s Balfour mall,-26.1368122,28.0893326
402,5,Melrose (G),True,629,265,AVO - Debonairs Sandton City,-26.1283112,28.0536728
403,191,Rosebank (G),True,630,282,AVO - Panarottis The Zone,-26.1453953,28.0434341
404,5,Melrose (G),True,631,283,AVO - RocoMamas Melrose Arch,-26.1327019,28.0657978
405,191,Rosebank (G),True,632,285,AVO - Texakhana Spur,-26.1447868,28.0438614
406,5,Melrose (G),True,633,430,AVO - Norman Goodfellows Illovo,-26.131813,28.0490284
407,5,Melrose (G),True,634,426,AVO - Norman Goodfellows Melrose Arch,-26.131731,28.0691032
408,5,Melrose (G),True,635,575,AVO - Vida E Caffe Rosebank Mall,-26.1464615,28.041008
409,57,Sandton (G),True,636,519,AVO - Thirst,-26.104332,28.0826283
410,57,Sandton (G),True,637,157,AVO - Andiccio24 Green Park,-26.0963745,28.0539742
411,57,Sandton (G),True,638,159,AVO - Andiccio24 Graystone Drive,-26.1004639,28.0657825
412,57,Sandton (G),True,639,226,AVO - Nonnas,-26.1074524,28.0527744
413,57,Sandton (G),True,640,239,AVO - Krispy Kreme Sandton City,-26.109642,28.0533981
414,57,Sandton (G),True,641,466,AVO - Vida E Caffe,-26.1074142,28.0618343
415,57,Sandton (G),True,642,573,AVO - Vida E Caffe 24 Central,-26.1025162,28.0569916
416,57,Sandton (G),True,643,466,AVO - Vida E Caffe Katherine Street,-26.1074142,28.0618343
417,11,Emmarentia (G),True,644,9,AVO - Spiceburg Restaurant Greenside,-26.146513,28.00911
418,11,Emmarentia (G),True,645,47,"AVO - Jimmy Killer Fish, Chips and Grill Greenside",-26.161211,28.0123386
419,11,Emmarentia (G),True,646,538,AVO - Solly Kramers Parkhurst,-26.143177,28.0165539
420,11,Emmarentia (G),True,647,118,AVO - Piza E Vino Melville,-26.1824112,28.0066948
421,11,Emmarentia (G),True,648,136,AVO - Doppio Zero Greenside,-26.1466713,28.0089588
422,11,Emmarentia (G),True,649,491,AVO - Reserved Cafe,-26.17557,28.00677
423,11,Emmarentia (G),True,650,253,AVO - Joe`s Burgers,-26.1508141,28.0338287
424,11,Emmarentia (G),True,651,254,AVO - Manna Foods,-26.1508141,28.0338287
425,11,Emmarentia (G),True,652,262,AVO - Have Wings,-26.1757374,28.0072765
426,11,Emmarentia (G),True,653,457,AVO - Hot Chicks,-26.1838722,27.9891052
427,11,Emmarentia (G),True,654,335,AVO - Sugarlicious Emmerentia,-26.1611519,28.0123482
428,11,Emmarentia (G),True,655,410,AVO - The Fussy Vegan Greenside,-26.1464329,28.01204
429,11,Emmarentia (G),True,656,762,AVO - Dry Dock Liquors,-26.13771,28.01769
430,75,Roodepoort (G),True,657,10,AVO - Devs Indian Cuisine Florida Glen,-26.1644955,27.9431953
431,75,Roodepoort (G),True,658,522,AVO - Florida Grill Joint,-26.17129,27.9073963
432,75,Roodepoort (G),True,659,133,AVO - Doppio Zero Clearwater,-26.1282024,27.9049263
433,75,Roodepoort (G),True,660,156,AVO - West Coast Liquors,-26.13347,27.9097176
434,75,Roodepoort (G),True,661,497,AVO - Anat Falafel & Scharwma Clearwater,-26.1275578,27.90466
435,75,Roodepoort (G),True,662,478,AVO - Fish and Chip Co Clearwater Mall,-26.1275578,27.90466
436,75,Roodepoort (G),True,663,465,AVO - Jakes Liquor Store,-26.1674576,27.9382019
437,75,Roodepoort (G),True,664,423,AVO - La Padrino Florida,-26.17351,27.93008
438,75,Roodepoort (G),True,665,419,AVO - Liquor-ish,-26.1372261,27.9100666
439,75,Roodepoort (G),True,666,417,AVO - Mizaan’s Halaal Take aways,-26.17107,27.90703
440,75,Roodepoort (G),True,667,640,AVO - Burger King Clearwater Mall,27.9051,-26.127285
441,75,Roodepoort (G),True,668,645,AVO - Burger King Flora Centre,27.92861,-26.1671543
442,75,Roodepoort (G),True,669,658 ,AVO - Family First Fast Foods                  ,-26.17528,27.91095
443,163,Rand Park Ridge (G),True,670,26,AVO - Smack Pizza Co Eagles Landing,-26.09574,27.9275761
444,163,Rand Park Ridge (G),True,671,539,AVO - KR Seafood,-26.0930862,27.9397831
445,163,Rand Park Ridge (G),True,672,116,AVO - Piza E Vino Eagles Landing,-26.0960636,27.9273548
446,163,Rand Park Ridge (G),True,673,461,AVO - Mochachos Weltevreden Park,-26.10457,27.92484
447,163,Rand Park Ridge (G),True,674,460,AVO - Brooklyn Brothers Honeydew,-26.0786724,27.92737
448,163,Rand Park Ridge (G),True,675,459,AVO - Senhor Peri Peri Honeydew,-26.0786724,27.92737
449,163,Rand Park Ridge (G),True,676,454,AVO - Mozambik Westrand,-26.1161385,27.8963432
450,163,Rand Park Ridge (G),True,677,453,AVO - Mozambik Randpark,-26.0910225,27.93746
451,163,Rand Park Ridge (G),True,678,318,AVO - Trinity Blue Bottle Liquors,-26.0910988,27.9373474
452,163,Rand Park Ridge (G),True,679,634,AVO - Burger King Allens Neck,27.9224758,-26.1226444
453,62,Northriding (G),True,680,130,AVO - Doppio Zero Bel Air (Northriding),-26.0602875,27.9570484
454,62,Northriding (G),True,681,296,AVO - Clay Oven,-26.0549335,27.96506
455,62,Northriding (G),True,682,448,AVO - Luigis Pizzeria Olivedale,-26.053669,27.9721565
456,62,Northriding (G),True,683,310,AVO - Swaadisht Randburg,-26.05192,27.9560623
457,62,Northriding (G),True,684,315,AVO - Northriding Blue Bottle Liquors,-26.0620289,27.9533939
458,62,Northriding (G),True,685,347,AVO - Picanha North Riding,-26.05543,27.9637032
459,62,Northriding (G),True,686,631,AVO - Burger King Northgate ,27.9468517,-26.0592384
460,62,Northriding (G),True,687,700,AVO - Burger King Sasol Olivedale,27.9783916,-26.0586967
461,10,Centurion (G),True,688,525,AVO - Yamakado -Sushi Restaurant,-25.87776,28.16184
462,10,Centurion (G),True,689,479,AVO - Ashkers Pub and Restaurant,-25.8812485,28.1759815
463,10,Centurion (G),True,690,477,AVO - India Palace Indian Restaurant,-25.87776,28.16184
464,10,Centurion (G),True,691,242,"AVO - OGalitos, Centurion Mall",-25.8560753,28.1879063
465,10,Centurion (G),True,692,249,AVO - YAGE Chinese Cuisine,-25.8574276,28.18629
466,10,Centurion (G),True,693,447,AVO - Pizza Hut Highveld Centre,-25.876112,28.1980324
467,10,Centurion (G),True,694,317,AVO - Centurion blue bottle liquors,-25.8457565,28.1906872
468,10,Centurion (G),True,695,351,AVO - Parrots Centurion Mall,-25.856,28.1855
469,10,Centurion (G),True,696,638,AVO - Burger King Byls Bridge,28.1961918,-25.8681984
470,10,Centurion (G),True,697,639,AVO - Burger King Centurion Lifestyle Centre ,28.1655941,-25.8747978
471,10,Centurion (G),True,698,648,AVO - Burger King Jean Avenue,28.1858616,-25.8422146
472,43,Leaping Frog (G),True,699,7,AVO - Mugg and Bean Broadacres,-25.99976,27.98211
473,43,Leaping Frog (G),True,700,483,AVO - King of Sushi Restaurant,-25.9924431,28.0132236
474,43,Leaping Frog (G),True,701,476,AVO - La Nouva Family Restaurant,-26.0084648,28.002758
475,43,Leaping Frog (G),True,702,475,AVO - The Valley Restaurant and Grill,-25.99167,28.01007
476,43,Leaping Frog (G),True,703,474,AVO - Lil Kitchen Restaurant,-25.99167,28.01007
477,43,Leaping Frog (G),True,704,458,AVO - Senhor Peri Peri Dainfern,-25.9929638,28.0140514
478,43,Leaping Frog (G),True,705,277,AVO - Jimmy Killer Express Fourways,-26.0085812,28.002594
479,43,Leaping Frog (G),True,706,290,AVO - Nandos Leaping Frog Drive Thru,-26.0087452,28.01261
480,43,Leaping Frog (G),True,707,301,AVO - Col`Cacchio Dainfern,-25.99296,28.0134659
481,43,Leaping Frog (G),True,708,352,AVO - Jimmmys Killer Express Agora Fourways Gardens,-26.0085812,28.002594
482,149,Fourways (G),True,709,562,AVO - Diya Deli Restaurant,-26.0209446,28.0079021
483,149,Fourways (G),True,710,504,AVO - Burger King Fourways,-26.01899,28.007349
484,149,Fourways (G),True,711,138,AVO - Doppio Zero Pineslopes (Fourways),-26.0225849,28.01584
485,149,Fourways (G),True,712,462,AVO - Pizza Baby Douglasdale,-26.0404434,27.9937458
486,149,Fourways (G),True,713,274,AVO - The Rock Design Quarter,-26.0334949,28.01037
487,149,Fourways (G),True,714,289,AVO - Nandos Broadacres,-26.001133,27.9826317
488,5,Melrose (G),True,715,329,AVO - Burger King Norwood,-26.1464,28.07758
489,57,Sandton (G),True,716,421,AVO - Burger King Rivonia,-26.1152,28.04927
490,57,Sandton (G),True,717,577,AVO - Adega's Express Sandton,-26.1103,28.05215
491,57,Sandton (G),True,718,661,AVO - Mugg & Bean Sandton City,-26.1088,28.05272
492,5,Melrose (G),True,719,662,AVO - Colcacchio Norwood,-26.1599,28.0759
493,57,Sandton (G),True,720,671,AVO - Vida E Caffe 24 Central,-26.1025,28.05699
494,57,Sandton (G),True,721,672,AVO - Vida E Caffe Katherine Street,-26.1074,28.06184
495,11,Emmarentia (G),True,722,673,AVO - vida e caffe Rosebank Mall,-26.1486,28.03731
496,75,Roodepoort (G),True,723,658,AVO - Family First Fast Foods,-26.1753,27.91095
497,62,Northriding (G),True,724,678,AVO - Panarottis Express Bel Air,-26.0603,27.95817
498,149,Fourways (G),True,725,469,AVO - Burger King Fourways,-26.019,28.00735
499,149,Fourways (G),True,726,668,AVO - ColCacchio Monte Casino,-26.0242,28.01278
500,163,Rand Park Ridge (G),True,727,KSA916,KFC - STRUBENSVALLEY,-26.1218,27.9009
501,160,Middelburg (MP),True,728,KSA1043,KFC - AERORAND,-25.7898,29.4496
502,56,Boksburg (G),True,729,KSA046,KFC - BOKSBURG,-26.2239,28.2532
503,142,George (WC),True,730,KSA268,KFC - GEORGE,-33.9587,22.4661
504,15,Greenstone (G),True,731,KSA559,KFC - GREENSTONE,-26.1207,28.144
505,99,Oakdene (G),True,732,KSA039,KFC - RIFLE RANGE ROAD,-26.2601,28.0319
506,4,Kyalami (G),True,733,KSA599,KFC - KYALAMI DOWNS,-25.9902,28.076
507,99,Oakdene (G),True,734,KSA074,KFC - KENILWORTH,-26.247,28.0522
508,194,Southway (KZN),True,735,676,Checkers Southway Mall,-29.895649,30.97481
509,194,Southway (KZN),True,736,8072,Checkers LiquorShop Southway Mall,-29.895649,30.97481
510,191,Rosebank (G),True,737,8379, CHECKERS ROSEBANK MALL,-26.1463318,28.04009
511,191,Rosebank (G),True,738,9475,Checkers LiquorShop Rosebank Mall,-26.1463318,28.04009
512,193,Silver Lakes (G),True,739,3798,Checkers Liquorshop Silver Lakes,-25.77224,28.3543148
513,187,Jukskei Park (G),True,740,9936,CHECKERS FX JUKSKEI PARK,-26.0338287,27.982338
514,187,Jukskei Park (G),True,741,9484,Checkers Liquorshop Juksei Park,-26.0338287,27.982338
515,11,Emmarentia (G),True,742,691,AVO - Countess Restaurant ,-26.1757374,28.0072765
516,38,Seapoint (WC),True,743,KSA257,KFC - Sea Point,-33.9101,18.3949
517,189,Tokai (WC),True,744,KSA266,KFC - Tokai,-34.065,18.4587
518,49,Hillcrest (KZN),True,745,KSA116,JFC - HILLCREST,-29.7825,30.7635
519,8,Somerset (WC),True,746,KSA251,KFC - SOMERSET WEST,-34.0829,18.8507
520,6,Westville (KZN),True,747,KSA329,KFC - PAVILION,-29.8489,30.9362
521,8,Somerset (WC),True,748,KSA1081,KFC - SANCTUARY,-34.0898,18.8204
522,8,Somerset (WC),True,749,KSA1273,KFC - HERITAGE PARK,-34.0941,18.8623
523,143,Bay West (EC),True,750,KSA1126,KFC - BAY WEST MALL ,-33.9515,25.4609
524,8,Somerset (WC),True,751,KSA370,KFC - SOMERSET MALL,-34.0821,18.8225
525,82,Amanzimtoti (KZN),True,752,KSA131,KFC - AMANZIMTOTI,-30.0557,30.8842
526,80,Cascades (KZN),True,753,KSA397,KFC - LIBERTY MIDLANDS MALL,-29.5832,30.3773
527,77,Edenvale (G),True,756,205,AVO - Pizza Perfect Primrose,-26.1867466,28.1586361
528,77,Edenvale (G),True,757,207,AVO - Burger Perfect Primrose,-26.1867466,28.1586361
529,77,Edenvale (G),True,758,649,AVO - Burger King Sasol Riley,-26.166193,28.14568
530,77,Edenvale (G),True,759,650,AVO - Burger King Karaglen,-26.1356239,28.1808052
531,48,Westgate (G),True,760,291,AVO - Nandos Westgate,-26.1403732,27.8607349
532,48,Westgate (G),True,761,482,AVO - Burger Bistro Little Falls,-26.117569,27.8878746
533,48,Westgate (G),True,762,652,AVO - Burger King Westgate,-26.1333714,27.8563957
534,76,Alberton (G),True,764,52,AVO - Jimmy Killer Express Alberton Crossing,-26.2717571,28.12119
535,76,Alberton (G),True,765,630,AVO - Burger King New Market,-26.280117,28.1271267
536,159,Sunward Park (G),True,766,654,AVO - Burger King Kingfisher,-26.2588634,28.2508678
537,60,Bonaero Park (G),True,767,198,AVO - Pizza Chicken Perfect Bonaero Park,-26.1202965,28.25827
538,16,Kempton Park (G),True,768,203,AVO - Wimpy Glen Marais Motors( Engen ),-26.0797234,28.2467766
539,16,Kempton Park (G),True,769,220,AVO - Mimmos,-26.0777,28.2491
540,16,Kempton Park (G),True,770,636,AVO - Burger King Birchleigh North,-26.0515041,28.22959
541,71,Northmead Square (G),True,771,135,AVO - Doppio Zero Ebotse,-26.153286,28.3356934
542,110,East Rand (G),True,772,505,AVO - Burger King East Rand Galleria,-26.1799183,28.2357426
543,71,Northmead Square (G),True,773,632,AVO - Burger King Northmead Benoni,-26.1698856,28.328495
544,92,Brakpan (G),True,774,657,AVO - Burger King Mall @ Carnival,-26.2532673,28.3166733
545,155,Big Bay (WC),True,775,18,AVO - Saints Burger Joint,-33.79177,18.45698
546,155,Big Bay (WC),True,776,25,AVO - El Barrio,-33.7986946,18.4603024
547,155,Big Bay (WC),True,777,468,AVO - Mozambik Blouberg,-33.7925873,18.4574757
548,18,Kenilworth (WC),True,778,362,AVO - Exotic India Lansdowne,-33.9887466,18.5011711
549,18,Kenilworth (WC),True,779,373,AVO - Health Wrap Lansdowne,-33.9887466,18.5011711
550,29,Plumstead (WC),True,780,234,AVO - Aneesa`s Wynberg,-34.01138,18.47791
551,29,Plumstead (WC),True,781,238,AVO - Asian Dragon,-34.02136,18.467823
552,3,Rondebosch (WC),True,782,314,AVO - Observatory Model T Blue Bottle Liquors,-33.93708,18.46814
553,3,Rondebosch (WC),True,783,332,AVO - Sugarlicious Claremont,-33.98064,18.4623566
554,174,Rylands Village (WC),True,784,92,AVO - Grill & Braai Gatesville,-33.96905,18.5356159
555,174,Rylands Village (WC),True,785,237,AVO - Aneesa`s Athlone,-33.96435,18.5179253
556,174,Rylands Village (WC),True,786,518,AVO - Ocean Basket Vangate Mall,-33.9606133,18.53835
557,2,Cape Town CBD (WC),True,787,229,AVO - ColCacchio FORESHORE (Cape Town),-33.9160919,18.4231911
558,2,Cape Town CBD (WC),True,788,245,AVO - Redemption Burgers,-33.926136,18.414957
559,2,Cape Town CBD (WC),True,789,295,AVO - Cafe Charles,-33.91628,18.41685
560,2,Cape Town CBD (WC),True,790,354,AVO - The Great Gatsby Walmer,-33.9315262,18.4404774
561,2,Cape Town CBD (WC),True,791,365,AVO - Exotic India Walmer,-33.9315262,18.4404774
562,2,Cape Town CBD (WC),True,792,376,AVO - Health Wrap Walmer,-33.9315262,18.4404774
563,2,Cape Town CBD (WC),True,793,405,AVO - Pizza Box Walmer,-33.9315262,18.4404774
564,2,Cape Town CBD (WC),True,794,414,AVO - The Butcherman Restaurant Green Point,-33.9078827,18.4094448
565,2,Cape Town CBD (WC),True,795,424,AVO - Darling Brew Woodstock,-33.9263344,18.4459839
566,2,Cape Town CBD (WC),True,796,429,AVO - Norman Goodfellows Gardens Centre CT,-33.9345131,18.4180889
567,2,Cape Town CBD (WC),True,797,485,AVO - Saggy Stone,-33.92782,18.4126434
568,2,Cape Town CBD (WC),True,798,495,AVO - Mozambik VA Waterfront,-33.9043,18.42092
569,41,Century City (WC),True,799,355,AVO - The Great Gatsby Marconi,-33.8633766,18.5115871
570,41,Century City (WC),True,800,363,AVO - Exotic India Marconi,-33.8633766,18.5115871
571,41,Century City (WC),True,801,374,AVO - Health Wrap Marconi,-33.8633766,18.5115871
572,41,Century City (WC),True,802,401,AVO - Dragons Chinese Marconi,-33.8633766,18.5115871
573,41,Century City (WC),True,803,406,AVO - Pizza Box Marconi,-33.8633766,18.5115871
574,41,Century City (WC),True,804,467,AVO - Mozambik Century City,-33.89357,18.5062
575,17,N1City (WC),True,805,358,AVO - The Great Gatsby Panorama,-33.88096,18.56667
576,17,N1City (WC),True,806,364,AVO - Exotic India Panorama,-33.88096,18.56667
577,17,N1City (WC),True,807,375,AVO - Health Wrap Panorama,-33.88096,18.56667
578,17,N1City (WC),True,808,379,AVO - Nomad Bistro & Bar Panorama,-33.88096,18.56667
579,17,N1City (WC),True,809,395,AVO - London Fish & Chips Panorama,-33.88096,18.56667
580,17,N1City (WC),True,810,399,AVO - Dragons Chinese Panorama,-33.88096,18.56667
581,17,N1City (WC),True,811,404,AVO - Pizza Box Panorama,-33.88096,18.56667
582,179,Wellington (WC),True,812,95,AVO - Grill & Braai Wellington,-33.6408234,19.0034256
583,2,Cape Town CBD (WC),True,814,390,AVO - Taco Town Walmer,-33.9315262,18.4404774
584,17,N1City (WC),True,815,389,AVO - Taco Town Panorama,-33.88096,18.56667
585,17,N1City (WC),True,816,367,AVO - The New York Burger Company Panorama,-33.88096,18.56667
586,2,Cape Town CBD (WC),True,817,394,AVO - London Fish & Chips Walmer,-33.9315262,18.4404774
587,18,Kenilworth (WC),True,818,369,AVO - The New York Burger Company Lansdowne,-33.9887466,18.5011711
588,2,Cape Town CBD (WC),True,819,400,AVO - Dragons Chinese Walmer,-33.9315262,18.4404774
589,2,Cape Town CBD (WC),True,820,380,AVO - Nomad Bistro & Bar Walmer,-33.9315262,18.4404774
590,41,Century City (WC),True,821,381,AVO - Nomad Bistro & Bar Marconi,-33.8633766,18.5115871
591,2,Cape Town CBD (WC),True,822,385,AVO - The Vegan Chef Walmer,-33.9315262,18.4404774
592,17,N1City (WC),True,823,384,AVO - The Vegan Chef Panorama,-33.88096,18.56667
593,31,Willowbridge (WC),True,824,436,AVO - Cafe Rousse Tygervalley,-33.87367,18.63401
594,41,Century City (WC),True,825,386,AVO - The Vegan Chef Marconi,-33.8633766,18.5115871
595,2,Cape Town CBD (WC),True,826,371,AVO - The New York Burger Company Walmer,-33.9315262,18.4404774
596,41,Century City (WC),True,827,370,AVO - The New York Burger Company Marconi,-33.8633766,18.5115871
597,41,Century City (WC),True,828,391,AVO - Taco Town Marconi,-33.8633766,18.5115871
598,41,Century City (WC),True,831,397,AVO - London Fish & Chips Marconi,-33.8633766,18.5115871
599,163,Rand Park Ridge (G),True,832,734,AVO - Coal Butchery,0.0,0.0
600,163,Rand Park Ridge (G),True,833,735,AVO - Coal Liquor,0.0,0.0
601,3,Rondebosch (WC),True,834,KSA1110,KFC - RONDEBOSCH ,-33.9603,18.4702
602,41,Century City (WC),True,835,KSA1147,KFC - SHELL CANAL WALK ,-33.892,18.5148
603,2,Cape Town CBD (WC),True,836,KSA571,KFC - GREENPOINT,-33.914,18.4174
604,2,Cape Town CBD (WC),True,837,KSA254,KFC - GARDENS,-33.934,18.4194
605,2,Cape Town CBD (WC),True,838,722,Love Is Burgers Cape Town,-33.91651,18.4185562
606,2,Cape Town CBD (WC),True,839,723,Love is Pizza Cape Town,-33.91651,18.4185562
607,2,Cape Town CBD (WC),True,840,721,Pizza King Cape Town,-33.91651,18.4185562
608,2,Cape Town CBD (WC),True,841,719,Cookies and Cream Ice Cream Cape Town,-33.91651,18.4185562
609,2,Cape Town CBD (WC),True,842,720,Da Gama Fish City Cape Town,-33.91651,18.4185562
610,2,Cape Town CBD (WC),True,843,711,Liguria Ristorante De Waterkant,-33.91543,18.4172764
611,29,Plumstead (WC),True,844,713,Love Is Burgers Wynberg,-34.01177,18.469862
612,29,Plumstead (WC),True,845,715,Love Is Pizza Wynberg,-34.0105,18.4699
613,29,Plumstead (WC),True,846,717,Da Gama Fish City Wynberg,-34.01051,18.4699
614,29,Plumstead (WC),True,847,716,Pizza king Wynberg,-34.0105,18.4699
615,29,Plumstead (WC),True,848,718,Cookies and Cream Ice Cream Wynberg,-34.01051,18.4699
616,57,Sandton (G),True,849,701,Aurum Restaurant,-26.10423,28.0555382
617,57,Sandton (G),True,850,714,Colcacchio Benmore Gardens,-26.09986,28.0494232
618,163,Rand Park Ridge (G),True,851,778,RocoMamas Randpark Ridge,-26.0922,27.9395523
619,60,Bonaero Park (G),True,854,780,Green Butler Gauteng,-26.1020679,28.266325
620,113,Century City,False,857,828,Bert's Blue Bottle Liquors,-33.9063644,18.48591
621,110,East Rand (G),True,858,843,Polana No.2 Blue Bottle Liquors,-26.1790142,28.2664146
622,57,Sandton (G),True,859,745,Pappas On Square ,-26.1074429,28.05275
623,57,Sandton (G),True,860,746,Ocean Basket Sandton City,-26.10536,28.0461044
624,57,Sandton (G),True,861,851,Burger King Rivonia ,-26.11536,28.04921
625,10,Centurion (G),True,862,795,Ridgeback Village Restaurant,-25.8536072,28.2029743
626,10,Centurion (G),True,863,847,Mozambik,-25.8572,28.18681
627,149,Fourways (G),True,864,860,The Rock Diner - Design Quarter,-26.0334949,28.01037
628,17,N1City (WC),True,865,825,Goodwood Top Cellars Blue Bottle Liquors,-33.91081,18.55696
629,17,N1City (WC),True,866,858,Trupizza Edgemead,-33.8706741,18.5463486
630,76,Alberton (G),True,867,842,New Redruth Blue Bottle Liquors,-26.2727127,28.126955
631,75,Roodepoort (G),True,868,765,Jessica's Clearwater Mall,-26.1281738,27.9059982
632,75,Roodepoort (G),True,869,852,News Cafe Town Square,-26.1370659,27.9176064
633,2,Cape Town CBD (WC),True,870,829,Roeland Blue Bottle Liquors,-33.928997,18.4214611
634,2,Cape Town CBD (WC),True,871,857,Robinhood Gardens,-33.93223,18.4084015
635,43,Leaping Frog (G),True,872,782,Kamala`s a taste experience,-26.0120735,28.0223446
636,44,Mall of Africa (G),True,873,694,Doppio Zero Mall of Africa,-26.01534,28.106451
637,71,Northmead Square (G),True,874,815,Farrarmere Blue Bottle Liquors,-26.1748314,28.3011475
638,62,Northriding (G),True,875,803,KYA Sands Blue Bottle Liquor Express ,-26.028368,27.950386
639,29,Plumstead (WC),True,876,846,Wild Liquors Blue Bottle Liquor Express,-34.00413,18.4692516
640,163,Rand Park Ridge (G),True,877,692,Coal Cafe Honeydew,-26.08193,27.9269238
641,163,Rand Park Ridge (G),True,878,766,Jessica's Eagle Canyon,-26.0869331,27.9230785
642,163,Rand Park Ridge (G),True,879,824,Rocky Blue Bottle Liquor  Express,-26.1252289,27.921402
643,163,Rand Park Ridge (G),True,880,838,Liquor City Blue Bottle Liquors ,-26.08261,27.9274044
644,191,Rosebank (G),True,881,316,Craighall Blue Bottle Platinum ,-26.1304665,28.0262127
645,48,Westgate (G),True,882,802,Roodepoort Liquor Land Blue Bottle Liquor Express ,-26.16124,27.864357
646,48,Westgate (G),True,883,814,Bacchus Blue Bottle Liquors,-26.1416969,27.8322315
647,48,Westgate (G),True,884,823,Liquor Cellar Blue Bottle Liquors ,-26.1194782,27.8503838
648,48,Westgate (G),True,885,849,Mochachos Westgate,-26.1401482,27.86099
649,196,Weltevreden (WC),True,886,67,Checkers Weltevreden,-34.03587,18.5892448
650,197,Eikestad (WC),True,887,218,Checkers Eikestad Mall,-33.9355774,18.8601856
651,197,Eikestad (WC),True,889,9260,Checkers Liquorshop Eikestad Mall,-33.9355774,18.8601856
652,198,Windermere (KZN),True,890,188,Checkers Windermere,-29.8286285,31.0199661
653,26,Durban North (KZN),True,891,678,Checkers Durban North,-29.77522,31.0443821
654,199,Village View (G),True,892,8544,Checkers Village View,-26.18304,28.1352863
655,199,Village View (G),True,893,9480,Checkers Liquor Village View,-26.18304,28.1352863
656,201,Ferndale (G),True,894,8537,Checkers Ferndale,-26.1023064,27.99034
657,201,Ferndale (G),True,895,8385,Checkers Liquor Ferndale,-26.1023064,27.99034
658,202,Flamingo (G),True,896,8117,Checkers Flamingo,-26.1005211,28.1520348
659,202,Flamingo (G),True,897,9257,Checkers Liquor Flamingo,-26.1005211,28.1520348
660,203,Vanderbijl (G),True,898,220,Checkers Vanderbijl,-26.7006321,27.838644
661,203,Vanderbijl (G),True,899,3663,Checkers Liquor Vanderbijl,-26.7006321,27.838644
